{
    "nœuds": [
      { "id": "Albert Einstein", "label": "Scientifique", "type": "Personne" },
      { "id": "Apple Inc.", "label": "Entreprise", "type": "Organisation" },
      { "id": "Barack Obama", "label": "Politicien", "type": "Personne" },
      { "id": "Stephen Hawking", "label": "Scientifique", "type": "Personne" },
      { "id": "NASA", "label": "Organisation", "type": "Organisation" },
      { "id": "Tesla", "label": "Entreprise", "type": "Organisation" },
      { "id": "Space Exploration", "label": "Concept", "type": "Sujet" }
    ],
    "liens": [
      { "source": "Albert Einstein", "cible": "Apple Inc.", "valeur": 0.8, "label": "Inspiration" },
      { "source": "Apple Inc.", "cible": "Barack Obama", "valeur": 0.6, "label": "Collaboration" },
      { "source": "Albert Einstein", "cible": "Stephen Hawking", "valeur": 0.9, "label": "Partenariat scientifique" },
      { "source": "NASA", "cible": "Barack Obama", "valeur": 0.7, "label": "Collaboration politique" },
      { "source": "NASA", "cible": "Space Exploration", "valeur": 1.0, "label": "Exploration spatiale" },
      { "source": "Tesla", "cible": "Space Exploration", "valeur": 0.8, "label": "Innovation technologique" }
    ]
  }
  